image,cls,cls_name,box,area_px,size_category,matched
2018_0021_2018,0,MILCO,"[857.0, 854.0, 910.0, 885.0]",1643.0,Medium,False
2018_0022_2018,0,MILCO,"[348.25, 346.75, 369.75, 359.25]",268.75,Small,False
2018_0023_2018,0,MILCO,"[855.57, 34.0, 908.57, 65.0]",1643.0,Medium,False
2018_0036_2018,0,MILCO,"[274.72, 762.57, 320.72, 797.57]",1610.0,Medium,False
2018_0048_2018,1,NOMBO,"[572.0, 592.0, 631.0, 633.0]",2419.0,Medium,False
2018_0068_2018,1,NOMBO,"[569.0, 437.0, 650.0, 501.0]",5184.0,Medium,False
2018_0079_2018,1,NOMBO,"[332.0, 338.0, 408.0, 384.0]",3496.0,Medium,False
2018_0079_2018,0,MILCO,"[584.0, 452.0, 617.0, 471.0]",627.0,Small,False
2018_0080_2018,1,NOMBO,"[135.0, 137.25, 166.0, 155.75]",573.5,Small,False
2018_0080_2018,0,MILCO,"[237.25, 183.75, 250.75000000000003, 191.25]",101.25000000000021,Tiny,False
2018_0083_2018,1,NOMBO,"[149.0, 282.25, 166.99999999999997, 307.75]",458.99999999999926,Small,False
2018_0084_2018,1,NOMBO,"[367.0, 695.0, 411.0, 758.0]",2772.0,Medium,False
2018_0085_2018,1,NOMBO,"[638.0, 823.0, 671.0, 862.0]",1287.0,Medium,False
2018_0107_2018,0,MILCO,"[563.0, 703.0, 609.0, 750.0]",2162.0,Medium,False
2018_0117_2018,1,NOMBO,"[234.25, 258.75000000000006, 248.74999999999997, 277.25]",268.24999999999864,Small,False
2018_0118_2018,1,NOMBO,"[576.0, 637.0, 612.0, 683.0]",1656.0,Medium,False
2018_0131_2018,0,MILCO,"[354.0, 173.0, 398.0, 201.0]",1232.0,Medium,False
2018_0132_2018,0,MILCO,"[144.00000000000003, 70.25, 162.0, 81.75]",206.99999999999966,Tiny,False
2018_0137_2018,0,MILCO,"[252.99999999999997, 176.25, 271.0, 197.75]",387.0000000000006,Small,False
2018_0138_2018,0,MILCO,"[623.0, 434.0, 667.0, 487.0]",2332.0,Medium,False
2018_0166_2018,0,MILCO,"[372.0, 242.0, 410.0, 273.0]",1178.0,Medium,False
2018_0212_2018,0,MILCO,"[151.24999999999997, 305.0, 165.75, 321.0]",232.00000000000045,Tiny,False
2018_0213_2018,0,MILCO,"[372.0, 750.0, 408.0, 790.0]",1440.0,Medium,False
2018_0268_2018,1,NOMBO,"[176.0, 856.0, 204.0, 870.0]",392.0,Small,False
2018_0269_2018,1,NOMBO,"[71.25, 347.75, 82.75, 353.24999999999994]",63.249999999999346,Tiny,False
2018_0270_2018,0,MILCO,"[176.0, 36.0, 204.0, 50.0]",392.0,Small,False
2018_0275_2018,0,MILCO,"[142.5, 134.25, 166.5, 147.75000000000003]",324.0000000000007,Small,False
2018_0276_2018,0,MILCO,"[351.0, 330.0, 410.0, 363.0]",1947.0,Medium,False
2018_0282_2018,0,MILCO,"[385.0, 83.0, 412.0, 115.0]",864.0,Small,False
2018_0285_2018,1,NOMBO,"[734.0, 583.0, 841.0, 698.0]",12305.0,Large,False
2018_0286_2018,1,NOMBO,"[298.25, 236.74999999999997, 341.75, 283.25]",2022.7500000000011,Medium,False
2018_0319_2018,1,NOMBO,"[581.0, 247.0, 647.0, 332.0]",5610.0,Medium,False
2018_0320_2018,1,NOMBO,"[236.0, 100.25, 263.00000000000006, 134.75]",931.5000000000019,Small,False
2018_0324_2018,1,NOMBO,"[384.0, 597.0, 415.0, 663.0]",2046.0,Medium,False
2018_0325_2018,1,NOMBO,"[156.25, 242.5, 168.75, 269.50000000000006]",337.5000000000007,Small,False
2018_0330_2018,0,MILCO,"[253.0, 995.0, 288.0, 1016.0]",735.0,Small,False
2018_0331_2018,0,MILCO,"[253.0, 175.0, 288.0, 196.0]",735.0,Small,False
2018_0331_2018,0,MILCO,"[913.0, 962.0, 964.0, 982.0]",1020.0,Small,False
2018_0332_2018,0,MILCO,"[371.25, 58.0, 391.75, 66.0]",164.0,Tiny,False
2018_0332_2018,0,MILCO,"[122.5, 395.5, 135.5, 404.5]",117.0,Tiny,False
2018_0333_2018,0,MILCO,"[913.0, 142.0, 964.0, 162.0]",1020.0,Small,False
2018_0333_2018,0,MILCO,"[302.0, 974.0, 334.0, 996.0]",704.0,Small,False
2018_0334_2018,0,MILCO,"[302.0, 154.0, 334.0, 176.0]",704.0,Small,False
2018_0335_2018,0,MILCO,"[122.5, 62.50000000000001, 135.5, 71.5]",116.99999999999991,Tiny,False
2018_0336_2018,0,MILCO,"[1.0, 789.0, 24.0, 816.0]",621.0,Small,False
2018_0336_2018,0,MILCO,"[356.0, 817.0, 382.0, 831.0]",364.0,Small,False
2018_0337_2018,0,MILCO,"[356.0, 0.0, 382.0, 11.0]",286.0,Small,False
2018_0340_2018,0,MILCO,"[149.0, 134.0, 164.0, 139.0]",75.0,Tiny,False
2018_0341_2018,0,MILCO,"[367.0, 330.0, 404.0, 342.0]",444.0,Small,False
2018_0342_2018,0,MILCO,"[103.0, 674.0, 138.0, 705.0]",1085.0,Medium,False
2018_0343_2018,0,MILCO,"[42.0, 273.75000000000006, 56.0, 286.25]",174.9999999999992,Tiny,False
2018_0344_2018,0,MILCO,"[582.0, 698.0, 619.0, 715.0]",629.0,Small,False
2018_0345_2018,0,MILCO,"[236.5, 283.5, 251.5, 290.5]",105.0,Tiny,False
2018_0358_2018,0,MILCO,"[7.0, 454.0, 93.0, 484.0]",2580.0,Medium,False
2018_0358_2018,0,MILCO,"[899.0, 624.0, 945.0, 642.0]",828.0,Small,False
2018_0359_2018,0,MILCO,"[2.9999999999999982, 184.5, 38.0, 196.5]",420.0,Small,False
2018_0359_2018,0,MILCO,"[168.75, 237.5, 178.25, 244.50000000000003]",66.50000000000027,Tiny,False
2018_0359_2018,0,MILCO,"[365.25, 253.25, 383.74999999999994, 260.75000000000006]",138.75000000000063,Tiny,False
2018_0362_2018,0,MILCO,"[572.0, 413.0, 596.0, 428.0]",360.0,Small,False
2018_0365_2018,1,NOMBO,"[93.49999999999999, 14.249999999999984, 144.5, 329.75]",16090.500000000004,Large,False
2018_0365_2018,0,MILCO,"[29.0, 331.0, 42.0, 337.0]",78.0,Tiny,False
2018_0365_2018,0,MILCO,"[19.5, 344.5, 75.5, 354.49999999999994]",559.9999999999968,Small,False
2018_0366_2018,1,NOMBO,"[230.0, 35.0, 355.0, 812.0]",97125.0,Large,False
2018_0366_2018,0,MILCO,"[71.0, 815.0, 103.0, 830.0]",480.0,Small,False
2018_0366_2018,0,MILCO,"[48.0, 848.0, 186.0, 873.0]",3450.0,Medium,False
2018_0367_2018,0,MILCO,"[51.0, 26.0, 196.0, 56.0]",4350.0,Medium,False
2018_0367_2018,0,MILCO,"[-0.00244140625, 0.0693359375, 0.00244140625, 0.1005859375]",0.000152587890625,Tiny,False
2018_0368_2018,0,MILCO,"[51.0, 26.0, 196.0, 56.0]",4350.0,Medium,False
2018_0368_2018,0,MILCO,"[71.0, 0.0, 103.0, 10.0]",320.0,Small,False
2018_0371_2018,0,MILCO,"[701.0, 160.0, 720.0, 185.0]",475.0,Small,False
2018_0374_2018,0,MILCO,"[367.25, 29.0, 380.75, 36.0]",94.5,Tiny,False
2018_0378_2018,0,MILCO,"[113.0, 16.0, 148.0, 33.0]",595.0,Small,False
2018_0379_2018,0,MILCO,"[46.0, 6.5, 59.99999999999999, 13.500000000000002]",97.99999999999997,Tiny,False
2018_0404_2018,0,MILCO,"[681.0, 208.0, 704.0, 221.0]",299.0,Small,False
2018_0404_2018,1,NOMBO,"[343.0, 374.0, 375.0, 396.0]",704.0,Small,False
2018_0412_2018,0,MILCO,"[151.25, 176.75, 159.75, 184.25]",63.75,Tiny,False
2018_0413_2018,0,MILCO,"[372.0, 435.0, 393.0, 453.0]",378.0,Small,False
2018_0414_2018,1,NOMBO,"[905.0, 539.0, 968.0, 559.0]",1260.0,Medium,False
2018_0415_2018,1,NOMBO,"[367.75, 219.0, 393.25, 226.99999999999997]",203.99999999999926,Tiny,False
2018_0426_2018,1,NOMBO,"[1.0000000000000009, 213.00000000000003, 23.0, 223.0]",219.99999999999937,Tiny,False
2018_0427_2018,1,NOMBO,"[3.0, 524.0, 57.0, 548.0]",1296.0,Medium,False
2018_0428_2018,0,MILCO,"[878.0, 343.0, 910.0, 362.0]",608.0,Small,False
2018_0429_2018,0,MILCO,"[356.5, 139.25, 369.5, 146.75]",97.5,Tiny,False
2018_0434_2018,1,NOMBO,"[288.5, 354.5, 313.5, 360.5]",150.0,Tiny,False
2018_0434_2018,0,MILCO,"[267.75, 358.25000000000006, 276.25, 363.75]",46.74999999999952,Tiny,False
2018_0435_2018,1,NOMBO,"[711.0, 873.0, 772.0, 888.0]",915.0,Small,False
2018_0435_2018,0,MILCO,"[659.0, 882.0, 680.0, 895.0]",273.0,Small,False
2018_0436_2018,0,MILCO,"[659.0, 62.0, 680.0, 75.0]",273.0,Small,False
2018_0437_2018,0,MILCO,"[267.75, 25.25, 276.25, 30.75]",46.75,Tiny,False
2018_0440_2018,1,NOMBO,"[969.0, 452.0, 999.0, 472.0]",600.0,Small,False
2018_0442_2018,0,MILCO,"[323.75, 389.24999999999994, 334.25, 396.75]",78.7500000000006,Tiny,False
2018_0443_2018,0,MILCO,"[323.75, 55.75, 334.25, 63.24999999999999]",78.74999999999993,Tiny,False
2018_0444_2018,0,MILCO,"[797.0, 138.0, 823.0, 156.0]",468.0,Small,False
2018_0445_2018,0,MILCO,"[92.75, 272.25, 101.25, 280.75]",72.25,Tiny,False
2018_0451_2018,0,MILCO,"[272.5, 225.99999999999997, 287.5, 231.0]",75.00000000000043,Tiny,False
2018_0453_2018,1,NOMBO,"[326.75, 86.99999999999999, 348.25, 103.0]",344.0000000000003,Small,False
2018_0454_2018,1,NOMBO,"[102.75, 256.25, 169.25, 291.75]",2360.75,Medium,False
2018_0455_2018,0,MILCO,"[237.0, 122.0, 253.00000000000003, 134.0]",192.00000000000034,Tiny,False
2018_0456_2018,1,NOMBO,"[248.49999999999997, 214.25, 314.5, 250.74999999999997]",2408.999999999999,Medium,False
2018_0457_2018,1,NOMBO,"[35.25, 386.5, 100.75, 415.5]",1899.5,Medium,False
2018_0458_2018,1,NOMBO,"[25.75, 45.5, 115.25000000000001, 92.5]",4206.500000000001,Medium,False
2018_0458_2018,1,NOMBO,"[329.75, 171.75, 415.25, 219.25000000000003]",4061.2500000000023,Medium,False
2018_0459_2018,1,NOMBO,"[238.75000000000003, 388.25, 275.25, 405.75]",638.7499999999995,Small,False
2018_0460_2018,1,NOMBO,"[243.0, 52.75, 349.99999999999994, 110.24999999999999]",6152.499999999995,Medium,False
2018_0460_2018,1,NOMBO,"[142.0, 347.5, 170.0, 361.50000000000006]",392.0000000000016,Small,False
2018_0461_2018,1,NOMBO,"[144.5, 11.5, 173.49999999999997, 27.5]",463.99999999999955,Small,False
2018_0461_2018,1,NOMBO,"[236.24999999999994, 209.25, 282.75, 240.74999999999997]",1464.7500000000005,Medium,False
2018_0462_2018,1,NOMBO,"[40.74999999999999, 315.5, 170.25, 375.5]",7770.0,Medium,False
2018_0463_2018,1,NOMBO,"[101.49999999999999, 6.249999999999998, 175.5, 46.74999999999999]",2997.0,Medium,False
2018_0481_2018,1,NOMBO,"[224.25, 92.75, 239.75, 104.24999999999999]",178.24999999999977,Tiny,False
2018_0510_2018,0,MILCO,"[303.00000000000006, 185.25, 313.0, 190.75]",54.99999999999969,Tiny,False
2018_0517_2018,0,MILCO,"[62.75, 89.0, 70.25, 94.0]",37.5,Tiny,False
2018_0517_2018,0,MILCO,"[372.0, 194.0, 386.0, 204.0]",140.0,Tiny,False
